Query,MMR,MMR Solution,Actual Solution,Error rate,Time since start
0,0.35735735735735735,[19817. 15014. 15728.],[17872. 16269. 16255.],0.9463486006907964,0.5599405765533447
1,0.12237237237237238,[19849. 16892. 15485.],[17872. 16269. 16255.],0.9463486006907964,1.7600915431976318
2,0.08671171171171171,[19899. 16740. 15562.],[17872. 16269. 16255.],0.9463486006907964,3.0796661376953125
3,-0.0,[17872. 16269. 16255.],[17872. 16269. 16255.],0.9463486006907964,4.449748754501343
