WS,OWA,Choquet
[0.28019978 0.34413461 0.37566562],[0.72629509 0.18832486 0.08538005],"[0.04686638 0.00773486 0.04038792 0.12663574 0.12960599 0.13135646
 0.51741264]"
