Query,MMR,MMR Solution,Actual Solution,Error rate,Time since start
0,0.4618997912317328,[20300. 19208. 16649.],[20260. 19926. 18312.],0.9563812220963444,0.39838099479675293
1,0.2828810020876827,[20175. 19404. 16972.],[20260. 19926. 18312.],0.9641687435297592,1.2162182331085205
2,0.08663430818827496,[20031. 18823. 17434.],[20260. 19926. 18312.],0.9602026040750281,2.048100709915161
3,0.03906987766975537,[20175. 19404. 16972.],[20260. 19926. 18312.],0.9641687435297592,2.8930299282073975
4,0.02729138006330066,[20225. 19252. 17049.],[20260. 19926. 18312.],0.9635867896010867,3.7680704593658447
5,0.015452694973646194,[20261. 19636. 16716.],[20260. 19926. 18312.],0.9648267589406861,4.6551454067230225
6,0.0023638988246765962,[20261. 19636. 16716.],[20260. 19926. 18312.],0.9648267589406861,5.5532546043396
