WS,OWA,Choquet
[0.03064105 0.5435876  0.42577134],[0.63925018 0.223242   0.13750782],"[0.03287555 0.03709643 0.03112216 0.11662418 0.13095976 0.13730554
 0.51401638]"
