Query,MMR,MMR Solution,Actual Solution,Error rate,Time since start
0,0.2513840830449827,[17696. 18483. 17451.],[19376. 18691. 19154.],0.9212180683935065,0.5361490249633789
1,0.19316227208243417,[17479. 17380. 17886.],[19376. 18691. 19154.],0.9308418558369693,1.6409568786621094
2,0.1652249134948097,[17696. 16846. 17843.],[19376. 18691. 19154.],0.9262669474153089,2.791948080062866
3,0.06967404973960101,[16317. 17615. 18448.],[19376. 18691. 19154.],0.9511249130083991,3.9780521392822266
4,0.030464894136652744,[16241. 17370. 18676.],[19376. 18691. 19154.],0.9586016188640769,5.206303358078003
5,0.022958000779663094,[16241. 17370. 18676.],[19376. 18691. 19154.],0.9586016188640769,6.4486095905303955
6,0.019728400662994038,[15784. 17306. 18798.],[19376. 18691. 19154.],0.9613991622863702,7.70095157623291
7,0.004610284480764783,[15784. 17306. 18798.],[19376. 18691. 19154.],0.9613991622863702,8.953294038772583
