WS,OWA,Choquet
[0.04496118 0.45904668 0.49599215],[0.60849944 0.22254777 0.16895279],"[0.03039687 0.02610183 0.04324932 0.10728056 0.14875534 0.12424151
 0.51997457]"
