Query,MMR,MMR Solution,Actual Solution,Error rate,Time since start
0,0.5623058336209872,[18328. 18228. 16875.],[17970. 18301. 17806.],0.9648563361958795,0.16730213165283203
1,0.1505005177770107,[17726. 18569. 17509.],[17970. 18301. 17806.],0.9648563361958795,0.5185205936431885
2,0.04464007028290521,[17970. 18301. 17806.],[17970. 18301. 17806.],0.9648563361958795,0.9081552028656006
3,-0.0,[17970. 18301. 17806.],[17970. 18301. 17806.],0.9648563361958795,1.3145639896392822
