WS,OWA,Choquet
[0.76956679 0.2053807  0.02505251],[0.36443677 0.35222067 0.28334256],"[0.04939651 0.00163071 0.03311053 0.12251041 0.1198319  0.14468043
 0.52883951]"
