Query,MMR,MMR Solution,Actual Solution,Error rate,Time since start
0,0.456656346749226,[20300. 19208. 16649.],[21989. 17434. 14928.],0.9572565564384733,0.3411831855773926
1,0.17706214064573197,[20923. 18958. 16610.],[21989. 17434. 14928.],0.9777157300903367,1.0310816764831543
2,0.13519091847265222,[20923. 18958. 16610.],[21989. 17434. 14928.],0.9777157300903367,1.7375304698944092
3,0.09560641141796135,[21185. 18693. 16023.],[21989. 17434. 14928.],0.9840623008259577,2.4680633544921875
4,0.06114156033748196,[21185. 18693. 16023.],[21989. 17434. 14928.],0.9840623008259577,3.2327144145965576
5,0.01197303947220974,[21185. 18693. 16023.],[21989. 17434. 14928.],0.9840623008259577,3.991208553314209
6,0.003137792553231209,[21185. 18693. 16023.],[21989. 17434. 14928.],0.9840623008259577,4.763887166976929
