Query,MMR,MMR Solution,Actual Solution,Error rate,Time since start
0,0.3199098845395663,[18681. 18506. 16673.],[18411. 20722. 17940.],0.9086343424211663,0.21775507926940918
1,0.19769079132638692,[17829. 18832. 17009.],[18411. 20722. 17940.],0.9220497463063523,0.6643037796020508
2,0.18020377481237942,[17203. 19443. 17024.],[18411. 20722. 17940.],0.9408712386099667,1.1249005794525146
3,0.1789611049255035,[17203. 19443. 17024.],[18411. 20722. 17940.],0.9408712386099667,1.6015534400939941
4,0.046155948695528456,[17338. 19534. 16998.],[18411. 20722. 17940.],0.9438827741260613,2.0902469158172607
5,0.0292003699450315,[17338. 19534. 16998.],[18411. 20722. 17940.],0.9438827741260613,2.5794484615325928
6,0.02245496171804378,[17338. 19534. 16998.],[18411. 20722. 17940.],0.9438827741260613,3.0731606483459473
7,0.00324107929615465,[17338. 19534. 16998.],[18411. 20722. 17940.],0.9438827741260613,3.574899673461914
