WS,OWA,Choquet
[0.07632232 0.13089989 0.79277779],[0.46372362 0.32304767 0.21322871],"[0.01180683 0.02774442 0.03999097 0.14949887 0.09159206 0.14296432
 0.53640253]"
