Query,MMR,MMR Solution,Actual Solution,Error rate,Time since start
0,0.28377525252525254,[17961. 18952. 16794.],[20260. 19926. 18312.],0.9109446279351,0.2558867931365967
1,0.13413002305665347,[18776. 18228. 17278.],[20260. 19926. 18312.],0.929117262290499,0.7877311706542969
2,0.09965065101368295,[18587. 18067. 17398.],[20260. 19926. 18312.],0.9278725505574721,1.3280892372131348
3,0.06526154975380179,[18159. 17940. 17693.],[20260. 19926. 18312.],0.9311971725570106,1.8780007362365723
4,0.04141960306866907,[18159. 17940. 17693.],[20260. 19926. 18312.],0.9311971725570106,2.4399495124816895
5,2.6914497566670462e-17,[18159. 17940. 17693.],[20260. 19926. 18312.],0.9311971725570106,3.0054073333740234
