Query,MMR,MMR Solution,Actual Solution,Error rate,Time since start
0,0.17692950682641403,[17729. 20253. 16712.],[19552. 18934. 18893.],0.9175044912852102,0.09633445739746094
1,0.0864221440915321,[17848. 20196. 17086.],[19552. 18934. 18893.],0.9310784677105477,0.297041654586792
2,0.08492973926570045,[17848. 20196. 17086.],[19552. 18934. 18893.],0.9310784677105477,0.5067691802978516
3,0.03621170851903758,[17672. 19953. 17347.],[19552. 18934. 18893.],0.9360350539827618,0.7255275249481201
4,0.02182743738335991,[17672. 19953. 17347.],[19552. 18934. 18893.],0.9360350539827618,0.9462926387786865
5,1.187867488035832e-17,[17672. 19953. 17347.],[19552. 18934. 18893.],0.9360350539827618,1.1760892868041992
