Query,MMR,MMR Solution,Actual Solution,Error rate,Time since start
0,0.25677537896187413,[19437. 16942. 16682.],[20544. 18165. 18500.],0.9257768510778825,0.6964142322540283
1,0.19614147909967847,[18433. 17291. 16920.],[20544. 18165. 18500.],0.9096977652980424,2.1263699531555176
2,0.13723631673792444,[18888. 17420. 16154.],[20544. 18165. 18500.],0.9031068031503403,3.585420846939087
3,0.05965470126559376,[18946. 17019. 16872.],[20544. 18165. 18500.],0.9191566046480614,5.110689878463745
4,0.023085825668232147,[19666. 16917. 16432.],[20544. 18165. 18500.],0.9251628192457898,6.655044078826904
5,0.004852400664638555,[19487. 16790. 16759.],[20544. 18165. 18500.],0.9279700775530791,8.267417907714844
