Query,MMR,MMR Solution,Actual Solution,Error rate,Time since start
0,0.5291020766305937,[17712. 19012. 15774.],[17690. 17716. 17632.],0.9281489099259755,0.9482870101928711
1,0.1934776250365604,[16826. 18613. 17573.],[17690. 17716. 17632.],0.9281489099259755,2.997891902923584
2,0.11655454811348348,[17038. 17344. 18155.],[17690. 17716. 17632.],0.9281489099259755,5.300139427185059
3,0.0058496636443404505,[17702. 17613. 17662.],[17690. 17716. 17632.],0.9281489099259755,7.783757925033569
