Query,MMR,MMR Solution,Actual Solution,Error rate,Time since start
0,0.4031413612565445,[19404. 19176. 16963.],[20260. 19926. 18312.],0.946589973315706,0.10033655166625977
1,0.31884816753926704,[19347. 18952. 17101.],[20260. 19926. 18312.],0.9456135993246897,0.3040430545806885
2,0.16012138909296061,[19308. 19025. 17324.],[20260. 19926. 18312.],0.9507365632124865,0.5223026275634766
3,0.14554973821989528,[19308. 19025. 17324.],[20260. 19926. 18312.],0.9507365632124865,0.7641410827636719
4,0.11305289763495217,[19308. 19025. 17324.],[20260. 19926. 18312.],0.9507365632124865,1.012709140777588
5,0.011295715078957953,[19308. 19025. 17324.],[20260. 19926. 18312.],0.9507365632124865,1.2495300769805908
6,0.006921763114836545,[19308. 19025. 17324.],[20260. 19926. 18312.],0.9507365632124865,1.4813413619995117
