Query,MMR,MMR Solution,Actual Solution,Error rate,Time since start
0,0.176696542893726,[18460. 16660. 17655.],[19552. 18934. 18893.],0.9038621127293877,0.4084165096282959
1,0.1357234314980794,[18556. 16811. 17294.],[19552. 18934. 18893.],0.9053222958430265,1.2332756519317627
2,0.05121638924455826,[18483. 16986. 17629.],[19552. 18934. 18893.],0.9141953421606922,2.0782058238983154
3,0.019475360320430745,[18483. 16986. 17629.],[19552. 18934. 18893.],0.9141953421606922,2.996384382247925
4,0.015457803160384821,[18483. 16986. 17629.],[19552. 18934. 18893.],0.9141953421606922,3.849330425262451
5,0.01285183155912322,[18483. 16986. 17629.],[19552. 18934. 18893.],0.9141953421606922,4.679207801818848
6,0.01122471812339172,[18483. 16986. 17629.],[19552. 18934. 18893.],0.9141953421606922,5.5261335372924805
7,0.009043242529404217,[18483. 16986. 17629.],[19552. 18934. 18893.],0.9141953421606922,6.4202330112457275
