Query,MMR,MMR Solution,Actual Solution,Error rate,Time since start
0,0.19064276344556186,[17726. 18569. 17509.],[20260. 19926. 18312.],0.9152629205030641,0.0973367691040039
1,0.09073021425448186,[17970. 18301. 17806.],[20260. 19926. 18312.],0.9225601897243328,0.2940182685852051
2,0.08019926147382667,[18068. 18089. 17165.],[20260. 19926. 18312.],0.9106032408100043,0.5007350444793701
3,0.05947169686345186,[17970. 18301. 17806.],[20260. 19926. 18312.],0.9225601897243328,0.7225041389465332
4,0.05488159527315953,[17970. 18301. 17806.],[20260. 19926. 18312.],0.9225601897243328,0.9472830295562744
5,0.017775220899445936,[17970. 18301. 17806.],[20260. 19926. 18312.],0.9225601897243328,1.1750729084014893
6,0.008158676050843854,[17970. 18301. 17806.],[20260. 19926. 18312.],0.9225601897243328,1.4018423557281494
