Query,MMR,MMR Solution,Actual Solution,Error rate,Time since start
0,0.6438485062338274,[18901. 19582. 16724.],[18551. 18879. 18531.],0.9263258213692629,0.7455849647521973
1,0.22629969418960244,[18921. 19443. 17974.],[18551. 18879. 18531.],0.9263258213692629,2.42590594291687
2,0.03952011291460833,[18551. 18879. 18531.],[18551. 18879. 18531.],0.9263258213692629,4.195814847946167
3,-0.0,[18551. 18879. 18531.],[18551. 18879. 18531.],0.9263258213692629,6.035191774368286
