Query,MMR,MMR Solution,Actual Solution,Error rate,Time since start
0,0.4398559932232105,[19346. 19070. 16181.],[18435. 18464. 17553.],0.9537562381600979,0.40239524841308594
1,-0.0,[18435. 18464. 17553.],[18435. 18464. 17553.],0.9537562381600979,1.2433171272277832
