Query,MMR,MMR Solution,Actual Solution,Error rate,Time since start
0,0.2964717025811035,[20735. 16830. 16119.],[20260. 19926. 18312.],0.8730005071765401,0.8771791458129883
1,0.1502284419808508,[19765. 17425. 16687.],[20260. 19926. 18312.],0.8991612774280229,2.711599111557007
2,0.14849715364752064,[19007. 17916. 16917.],[20260. 19926. 18312.],0.9141002817774803,4.552964687347412
3,0.09471939379587971,[19007. 17916. 16917.],[20260. 19926. 18312.],0.9141002817774803,6.4174487590789795
4,0.06253400668805342,[19007. 17916. 16917.],[20260. 19926. 18312.],0.9141002817774803,8.326029062271118
5,0.02094046252501731,[19007. 17916. 16917.],[20260. 19926. 18312.],0.9141002817774803,10.264277696609497
6,0.010091291307506318,[19007. 17916. 16917.],[20260. 19926. 18312.],0.9141002817774803,12.203991889953613
7,0.007573839097418573,[19007. 17916. 16917.],[20260. 19926. 18312.],0.9141002817774803,14.192039728164673
