Query,MMR,MMR Solution,Actual Solution,Error rate,Time since start
0,0.1651489047501846,[18439. 16432. 17467.],[19552. 18934. 18893.],0.8864022550687483,0.723508358001709
1,0.1087866108786611,[18657. 16661. 17295.],[19552. 18934. 18893.],0.8932895718663316,2.206650495529175
2,0.04931032756924684,[17447. 17103. 17383.],[19552. 18934. 18893.],0.9077296184337144,3.7279231548309326
3,0.025909122602306656,[17447. 17103. 17383.],[19552. 18934. 18893.],0.9077296184337144,5.266247272491455
4,0.003230738237561337,[17447. 17103. 17383.],[19552. 18934. 18893.],0.9077296184337144,6.828779220581055
