Query,MMR,MMR Solution,Actual Solution,Error rate,Time since start
0,0.3534240656729315,[20435. 17405. 16197.],[18411. 20722. 17940.],0.8811287399238521,0.7589466571807861
1,0.1649004174558739,[21238. 17614. 14884.],[18411. 20722. 17940.],0.8687454450723356,2.299933433532715
2,0.030554311750034382,[20070. 17980. 16428.],[18411. 20722. 17940.],0.9004709463810584,3.904477596282959
3,0.02600836211396561,[20070. 17980. 16428.],[18411. 20722. 17940.],0.9004709463810584,5.570237636566162
4,0.01871988883917556,[20070. 17980. 16428.],[18411. 20722. 17940.],0.9004709463810584,7.228599309921265
5,0.005801441083462498,[19007. 17916. 16917.],[18411. 20722. 17940.],0.9020901782544464,8.886365413665771
