Query,MMR,MMR Solution,Actual Solution,Error rate,Time since start
0,0.6618432385874247,[18643. 18196. 15683.],[17778. 17105. 17614.],0.9401749390880998,0.5248188972473145
1,0.18397932816537468,[17829. 17128. 17240.],[17778. 17105. 17614.],0.9401749390880998,1.7091801166534424
2,0.006718346253229974,[17288. 17186. 17205.],[17778. 17105. 17614.],0.9401749390880998,3.049828052520752
