WS,OWA,Choquet
[0.45134913 0.0973232  0.45132768],[0.74534848 0.16008394 0.09456757],"[0.04390222 0.01723621 0.04667726 0.12009874 0.12171043 0.14008748
 0.51028765]"
