Query,MMR,MMR Solution,Actual Solution,Error rate,Time since start
0,0.31884816753926704,[19347. 18952. 17101.],[19552. 18934. 18893.],0.9282377569848085,0.11339306831359863
1,0.14554973821989528,[19308. 19025. 17324.],[19552. 18934. 18893.],0.9380224207136888,0.40941953659057617
2,0.04921231188223419,[18566. 18917. 17602.],[19552. 18934. 18893.],0.9433422716790654,0.6883864402770996
3,0.024914930345890703,[18566. 18917. 17602.],[19552. 18934. 18893.],0.9433422716790654,0.9533054828643799
4,1.488047614157278e-17,[18566. 18917. 17602.],[19552. 18934. 18893.],0.9433422716790654,1.2162084579467773
