WS,OWA,Choquet
[0.0537551 0.6577736 0.2884713],[0.49403393 0.44675971 0.05920636],"[0.04256049 0.0267445  0.03481228 0.12841055 0.12003489 0.13185063
 0.51558668]"
