Query,MMR,MMR Solution,Actual Solution,Error rate,Time since start
0,0.22807924203273042,[17546. 16908. 17762.],[18804. 20057. 18535.],0.9020303319371604,0.35522007942199707
1,0.09349606354732588,[17728. 15604. 18585.],[18804. 20057. 18535.],0.8925626695375124,1.0536346435546875
2,0.033459415033761035,[17310. 16344. 18653.],[18804. 20057. 18535.],0.9109889706187535,1.7570617198944092
3,0.031335203694933506,[17175. 16253. 18679.],[18804. 20057. 18535.],0.9091731315050585,2.5427439212799072
4,0.001419652280283319,[17501. 16852. 18414.],[18804. 20057. 18535.],0.917392518677571,3.3164188861846924
