Query,MMR,MMR Solution,Actual Solution,Error rate,Time since start
0,0.3141248994907532,[18263. 18824. 17827.],[18804. 20057. 18535.],0.9544027473690601,0.4114267826080322
1,0.09163606322488205,[16281. 18650. 18811.],[18804. 20057. 18535.],0.9812134730826082,1.2503349781036377
2,0.08727852384080746,[16281. 18650. 18811.],[18804. 20057. 18535.],0.9812134730826082,2.1083011627197266
3,0.025873762302884042,[16364. 18245. 18943.],[18804. 20057. 18535.],0.9791539006175404,2.982320547103882
4,0.014322666577560515,[17094. 18348. 18858.],[18804. 20057. 18535.],0.9793724463609217,3.8673887252807617
5,3.808859478746182e-18,[16281. 18650. 18811.],[18804. 20057. 18535.],0.9812134730826082,4.764498710632324
