Query,MMR,MMR Solution,Actual Solution,Error rate,Time since start
0,0.1901362751460091,[17290. 17634. 18945.],[20260. 19926. 18312.],0.9203019186552687,0.39236021041870117
1,0.11940298507462686,[17290. 17634. 18945.],[20260. 19926. 18312.],0.9203019186552687,1.2071845531463623
2,0.09928617780661908,[17290. 17634. 18945.],[20260. 19926. 18312.],0.9203019186552687,2.0533833503723145
3,0.009043706825199989,[17596. 17691. 17808.],[20260. 19926. 18312.],0.9223304207597974,2.906334638595581
