Query,MMR,MMR Solution,Actual Solution,Error rate,Time since start
0,0.21633816195677985,[18454. 17892. 18150.],[20260. 19926. 18312.],0.9347421164156119,0.6251661777496338
1,0.16029446687247684,[18034. 18108. 18341.],[20260. 19926. 18312.],0.9362051008454483,1.9106285572052002
2,0.12557367510243495,[18076. 17613. 18522.],[20260. 19926. 18312.],0.931539076076378,3.220168352127075
3,0.10825913757174285,[17560. 18093. 18611.],[20260. 19926. 18312.],0.9343225219602438,4.551800012588501
4,0.031154633074570823,[18603. 18511. 17728.],[20260. 19926. 18312.],0.9396994593326081,5.902551174163818
5,0.020170868359297756,[18641. 18357. 17859.],[20260. 19926. 18312.],0.940052983514152,7.296839237213135
6,0.019389917532591682,[18641. 18357. 17859.],[20260. 19926. 18312.],0.940052983514152,8.7154860496521
7,-0.0,[18641. 18357. 17859.],[20260. 19926. 18312.],0.940052983514152,10.156436681747437
