Query,MMR,MMR Solution,Actual Solution,Error rate,Time since start
0,0.39288417865253594,[20164. 17211. 16170.],[20260. 19926. 18312.],0.8969612746660504,0.7225048542022705
1,0.30469341408024225,[20324. 16584. 16322.],[20260. 19926. 18312.],0.8945894040939119,2.2211217880249023
2,0.08983778127572914,[19655. 17205. 16863.],[20260. 19926. 18312.],0.9139319713245506,3.8531572818756104
3,0.07183322524179607,[19705. 17053. 16940.],[20260. 19926. 18312.],0.9146863375060356,5.555050849914551
4,0.054125662376987134,[19705. 17053. 16940.],[20260. 19926. 18312.],0.9146863375060356,7.295083522796631
5,1.0757649292355794e-17,[19216. 17110. 17083.],[20260. 19926. 18312.],0.9157464981569562,8.971873044967651
