WS,OWA,Choquet
[0.03663334 0.3154343  0.64793236],[0.64662578 0.27962314 0.07375108],"[0.03000575 0.05439893 0.00331942 0.14435589 0.118237   0.11027751
 0.53940551]"
