Query,MMR,MMR Solution,Actual Solution,Error rate,Time since start
0,0.20009643201542912,[20179. 16772. 15401.],[19376. 18691. 19154.],0.8780652944945356,0.3231203556060791
1,0.1485053037608486,[20480. 16946. 15008.],[19376. 18691. 19154.],0.8714514602707244,1.0024745464324951
2,0.09003011258738772,[20687. 16293. 15113.],[19376. 18691. 19154.],0.8713304459660888,1.6938719749450684
3,0.061562815441232835,[20917. 16724. 14809.],[19376. 18691. 19154.],0.8688766525824898,2.4163734912872314
4,0.05191256830601093,[20917. 16724. 14809.],[19376. 18691. 19154.],0.8688766525824898,3.164968252182007
5,0.02878669888114587,[20810. 16826. 14924.],[19376. 18691. 19154.],0.8719647940165081,3.9095499515533447
6,0.024267725979122887,[20560. 15505. 15454.],[19376. 18691. 19154.],0.8729664126343962,4.666165590286255
7,0.00044151192542464437,[20201. 16421. 15554.],[19376. 18691. 19154.],0.8798209153969969,5.478982925415039
