Query,MMR,MMR Solution,Actual Solution,Error rate,Time since start
0,0.22703526338702656,[20197. 16673. 15266.],[19575. 19460. 18622.],0.8415466109705276,0.38031840324401855
1,0.16978667827601218,[19849. 16892. 15485.],[19575. 19460. 18622.],0.8518853678433647,1.1750738620758057
2,0.1195514382782232,[17672. 17870. 15312.],[19575. 19460. 18622.],0.8558302636893871,2.0039477348327637
3,-0.0,[17457. 16554. 16231.],[19575. 19460. 18622.],0.8652012090271028,2.852891683578491
