Query,MMR,MMR Solution,Actual Solution,Error rate,Time since start
0,0.2857142857142857,[18793. 18868. 18390.],[19376. 18691. 19154.],0.9731835115303665,0.4163849353790283
1,0.23512450851900393,[18153. 19134. 18550.],[19376. 18691. 19154.],0.9766126029002028,1.2201716899871826
2,0.12524683267802536,[18770. 19422. 18135.],[19376. 18691. 19154.],0.971793369616461,2.057033061981201
3,0.06603716374457151,[18621. 17906. 18832.],[19376. 18691. 19154.],0.9739059099489484,2.924304485321045
4,0.05482689083320534,[18433. 18681. 18827.],[19376. 18691. 19154.],0.9819947695825746,3.809614658355713
5,0.022510172549890076,[18203. 18250. 19131.],[19376. 18691. 19154.],0.9845083301620766,4.703704118728638
6,0.00927703606888605,[18203. 18250. 19131.],[19376. 18691. 19154.],0.9845083301620766,5.600803375244141
