Query,MMR,MMR Solution,Actual Solution,Error rate,Time since start
0,0.26751800916830387,[19790. 16879. 16180.],[19552. 18934. 18893.],0.8771959623873051,0.8128106594085693
1,0.13097576948264572,[18433. 17291. 16920.],[19552. 18934. 18893.],0.9029942572970943,2.4615283012390137
2,0.05459358662715194,[18700. 16980. 17259.],[19552. 18934. 18893.],0.9064141583388762,4.164935111999512
3,0.031167164951347682,[18700. 16980. 17259.],[19552. 18934. 18893.],0.9064141583388762,5.926000356674194
4,0.010048622155694848,[18700. 16980. 17259.],[19552. 18934. 18893.],0.9064141583388762,7.742447137832642
5,0.007211485143629667,[18700. 16980. 17259.],[19552. 18934. 18893.],0.9064141583388762,9.604904174804688
