Query,MMR,MMR Solution,Actual Solution,Error rate,Time since start
0,0.3439273552780931,[18415. 19592. 17499.],[20260. 19926. 18312.],0.9450513476625627,1.492605209350586
1,0.2771852948474387,[18862. 18767. 17556.],[20260. 19926. 18312.],0.9470020049714123,4.530224561691284
2,0.24593265228906547,[18862. 18767. 17556.],[20260. 19926. 18312.],0.9470020049714123,7.621339321136475
3,0.0610306306600576,[18196. 18908. 18049.],[20260. 19926. 18312.],0.9472560568824969,10.834450960159302
4,0.05940219447597427,[18196. 18908. 18049.],[20260. 19926. 18312.],0.9472560568824969,14.139902114868164
5,0.008410145302625079,[18206. 18305. 18305.],[20260. 19926. 18312.],0.9477387831104458,17.47646999359131
