WS,OWA,Choquet
[0.32448307 0.25864617 0.41687076],[0.75795142 0.22735986 0.01468872],"[0.00346408 0.01810256 0.06680988 0.15789415 0.1303763  0.10696849
 0.51638455]"
