Query,MMR,MMR Solution,Actual Solution,Error rate,Time since start
0,0.17964975845410627,[18770. 18020. 17881.],[19552. 18934. 18893.],0.9486254453910433,0.7531006336212158
1,0.07578502415458938,[18641. 18357. 17859.],[19552. 18934. 18893.],0.9505494304307489,2.2795286178588867
2,0.014083697898308833,[18099. 18139. 18251.],[19552. 18934. 18893.],0.95582230337616,3.8143398761749268
3,0.012359727254428346,[18099. 18139. 18251.],[19552. 18934. 18893.],0.95582230337616,5.3760294914245605
4,0.003321256038647343,[18099. 18139. 18251.],[19552. 18934. 18893.],0.95582230337616,7.014699697494507
