Query,MMR,MMR Solution,Actual Solution,Error rate,Time since start
0,0.1937965857177206,[17130. 18803. 17422.],[19552. 18934. 18893.],0.9101367406339715,0.1063690185546875
1,0.14962316713648496,[17214. 19149. 17252.],[19552. 18934. 18893.],0.911556800703375,0.3311483860015869
2,0.013417853236804805,[17970. 18301. 17806.],[19552. 18934. 18893.],0.943958384271654,0.5930564403533936
3,-0.0,[17970. 18301. 17806.],[19552. 18934. 18893.],0.943958384271654,0.8419196605682373
