Query,MMR,MMR Solution,Actual Solution,Error rate,Time since start
0,0.22714570858283434,[17923. 18458. 17019.],[20260. 19926. 18312.],0.9180317851021774,0.9363160133361816
1,0.08632120374635346,[17740. 17586. 17729.],[20260. 19926. 18312.],0.9275867969361714,2.7877752780914307
2,0.035560432532992285,[17740. 17586. 17729.],[20260. 19926. 18312.],0.9275867969361714,4.6351399421691895
3,0.02455891907460247,[17740. 17586. 17729.],[20260. 19926. 18312.],0.9275867969361714,6.381549119949341
4,0.010176410932180947,[17740. 17586. 17729.],[20260. 19926. 18312.],0.9275867969361714,8.206876039505005
5,0.0007984031936127744,[17740. 17586. 17729.],[20260. 19926. 18312.],0.9275867969361714,10.025162935256958
