Query,MMR,MMR Solution,Actual Solution,Error rate,Time since start
0,0.21490169023801312,[18921. 19443. 17974.],[20260. 19926. 18312.],0.9677538107196888,0.47865939140319824
1,0.1365988271817868,[18770. 19422. 18135.],[20260. 19926. 18312.],0.9698227998316926,1.442007064819336
2,0.03643140191319126,[18551. 18879. 18531.],[20260. 19926. 18312.],0.970972134622285,2.462531805038452
3,0.024172706904551183,[18551. 18879. 18531.],[20260. 19926. 18312.],0.970972134622285,3.502319574356079
4,-0.0,[18551. 18879. 18531.],[20260. 19926. 18312.],0.970972134622285,4.537786960601807
