Query,MMR,MMR Solution,Actual Solution,Error rate,Time since start
0,0.23517312307164895,[17863. 18825. 18194.],[19552. 18934. 18893.],0.9511127809765112,0.4686253070831299
1,0.16660953033938977,[18263. 18824. 17827.],[19552. 18934. 18893.],0.9508986582190202,1.4289543628692627
2,0.12547137470003428,[18331. 18313. 18385.],[19552. 18934. 18893.],0.9667746000572525,2.4163777828216553
3,0.06640515392936995,[18331. 18313. 18385.],[19552. 18934. 18893.],0.9667746000572525,3.42989182472229
4,0.06227909088382176,[18331. 18313. 18385.],[19552. 18934. 18893.],0.9667746000572525,4.455459833145142
5,0.020131927396217032,[18331. 18313. 18385.],[19552. 18934. 18893.],0.9667746000572525,5.531317472457886
6,0.019929198937717107,[18331. 18313. 18385.],[19552. 18934. 18893.],0.9667746000572525,6.650817394256592
7,0.010318732442515445,[18331. 18313. 18385.],[19552. 18934. 18893.],0.9667746000572525,7.742319345474243
8,1.9486945101408302e-17,[18331. 18313. 18385.],[19552. 18934. 18893.],0.9667746000572525,8.853166580200195
