Query,MMR,MMR Solution,Actual Solution,Error rate,Time since start
0,0.25718712342916167,[17848. 20196. 17086.],[18411. 20722. 17940.],0.9657473032732146,0.08429193496704102
1,0.16491650886555345,[17231. 19908. 17501.],[18411. 20722. 17940.],0.9658108141918508,0.2588973045349121
2,0.14167670855568945,[17231. 19908. 17501.],[18411. 20722. 17940.],0.9658108141918508,0.441530704498291
3,0.05100257748368734,[17848. 20196. 17086.],[18411. 20722. 17940.],0.9657473032732146,0.6341512203216553
4,0.016488216187096033,[17414. 20676. 17020.],[18411. 20722. 17940.],0.9770241507287631,0.8288261890411377
5,0.005139153945453512,[17414. 20676. 17020.],[18411. 20722. 17940.],0.9770241507287631,1.029522180557251
