WS,OWA,Choquet
[0.08731932 0.58181537 0.33086531],[0.54045405 0.40747369 0.05207226],"[0.02595942 0.00298989 0.05495627 0.1450331  0.10892436 0.14339142
 0.51874553]"
