Query,MMR,MMR Solution,Actual Solution,Error rate,Time since start
0,0.2644182124789207,[16724. 18957. 17862.],[19326. 18843. 19077.],0.9046029214747462,0.6291811466217041
1,0.212141652613828,[16852. 18471. 17973.],[19326. 18843. 19077.],0.9108166226168939,1.9201698303222656
2,0.14046914836380042,[17021. 18796. 17514.],[19326. 18843. 19077.],0.9087953060736161,3.238741159439087
3,0.09979970287610838,[16740. 18854. 18040.],[19326. 18843. 19077.],0.9082411722087649,4.58503270149231
4,0.027097076962438276,[17129. 17906. 17824.],[19326. 18843. 19077.],0.9176360760710093,5.935736894607544
5,0.013053281504024999,[17406. 17629. 17415.],[19326. 18843. 19077.],0.9200130788443268,7.303466081619263
6,0.0050734219551097515,[17406. 17629. 17415.],[19326. 18843. 19077.],0.9200130788443268,8.680747032165527
