Query,MMR,MMR Solution,Actual Solution,Error rate,Time since start
0,0.3573345259391771,[17150. 18459. 17536.],[20260. 19926. 18312.],0.916136305562683,0.5258233547210693
1,0.19074239713774596,[16055. 18973. 18135.],[20260. 19926. 18312.],0.923785190882087,1.603231430053711
2,0.07379248658318426,[16713. 19411. 17695.],[20260. 19926. 18312.],0.9334799785564004,2.703043222427368
3,0.06797503131590851,[16713. 19411. 17695.],[20260. 19926. 18312.],0.9334799785564004,3.84399676322937
4,0.04395395282686988,[16713. 19411. 17695.],[20260. 19926. 18312.],0.9334799785564004,5.0551958084106445
5,0.04255947018996222,[16713. 19411. 17695.],[20260. 19926. 18312.],0.9334799785564004,6.270409107208252
6,0.027516347267809348,[16713. 19411. 17695.],[20260. 19926. 18312.],0.9334799785564004,7.480311155319214
7,0.012192825534318805,[16713. 19411. 17695.],[20260. 19926. 18312.],0.9334799785564004,8.665919780731201
8,1.2710961283722723e-17,[16713. 19411. 17695.],[20260. 19926. 18312.],0.9334799785564004,9.871527671813965
