Query,MMR,MMR Solution,Actual Solution,Error rate,Time since start
0,0.2617436305732484,[17765. 16878. 17912.],[21989. 17434. 14928.],0.849259503187389,0.6010837554931641
1,0.17456210191082802,[18046. 16675. 18274.],[21989. 17434. 14928.],0.8592082103856833,1.8278536796569824
2,0.043849936123971436,[18722. 15928. 17751.],[21989. 17434. 14928.],0.8765283316793171,3.1062653064727783
3,0.022847724406557805,[18673. 16509. 16987.],[21989. 17434. 14928.],0.8768472358534406,4.423832893371582
4,0.009132069679993856,[18657. 16661. 17295.],[21989. 17434. 14928.],0.8784725661554511,5.76349663734436
