Query,MMR,MMR Solution,Actual Solution,Error rate,Time since start
0,0.38318777292576417,[20957. 18892. 16237.],[20081. 18671. 17511.],0.9516236582997112,0.5860321521759033
1,-0.0,[20013. 18030. 17512.],[20081. 18671. 17511.],0.9516236582997112,1.8264634609222412
