Query,MMR,MMR Solution,Actual Solution,Error rate,Time since start
0,0.6937119675456389,[18864. 18928. 17463.],[18206. 18305. 18305.],0.9737165904439824,2.2447822093963623
1,0.2495337602078613,[18522. 19490. 17384.],[18206. 18305. 18305.],0.9737165904439824,7.119460582733154
2,0.027721433400946585,[18206. 18305. 18305.],[18206. 18305. 18305.],0.9737165904439824,12.247219800949097
3,-0.0,[18206. 18305. 18305.],[18206. 18305. 18305.],0.9737165904439824,17.624847173690796
