WS,OWA,Choquet
[0.24524483 0.40921043 0.34554474],[0.66028974 0.33194777 0.00776249],"[0.0366508  0.04347769 0.00116063 0.12760276 0.15726366 0.11903386
 0.51481059]"
