Number Queries,Approx Solution,Actual Solution,Error rate,Time
69,[18036. 18397. 18646.],[19376. 18691. 19154.],0.9648727542482122,31.595532178878784
