Number Queries,Approx Solution,Actual Solution,Error rate,Time
21,[19452. 19198. 17831.],[20260. 19926. 18312.],0.8991784263399142,4.306974649429321
