WS,OWA,Choquet
[0.15299625 0.63359103 0.21341272],[0.58664317 0.27851136 0.13484547],"[0.00602388 0.05507129 0.01908583 0.10684901 0.09236008 0.17972622
 0.54088368]"
