WS,OWA,Choquet
[0.24175469 0.17410769 0.58413763],[0.62186475 0.33731159 0.04082366],"[0.03932343 0.0103796  0.04678257 0.10705275 0.12546095 0.15784655
 0.51315415]"
