Number Queries,Approx Solution,Actual Solution,Error rate,Time
40,[16588. 17345. 19221.],[19376. 18691. 19154.],0.9824251258485027,5.818566083908081
