Number Queries,Approx Solution,Actual Solution,Error rate,Time
49,[17979. 18265. 18062.],[20929. 19710. 17630.],0.8808982409673084,20.8875515460968
