WS,OWA,Choquet
[0.23121026 0.12828551 0.64050423],[0.44274678 0.38737877 0.16987445],"[0.04215245 0.03057771 0.0288651  0.10432179 0.15167459 0.12966606
 0.51274231]"
