Number Queries,Approx Solution,Actual Solution,Error rate,Time
55,[20644. 17321. 17881.],[20260. 19926. 18312.],0.9779378346118558,24.098754167556763
