Number Queries,Approx Solution,Actual Solution,Error rate,Time
37,[18463. 18884. 18147.],[20929. 19710. 17630.],0.9644505042326991,8.105872631072998
