WS,OWA,Choquet
[0.72670895 0.16450431 0.10878674],[0.58560789 0.25471627 0.15967584],"[0.03746168 0.02904434 0.03631212 0.14468892 0.1092158  0.12509173
 0.51818541]"
