WS,OWA,Choquet
[0.82649326 0.15260027 0.02090647],[0.85378412 0.09630109 0.04991479],"[0.04530606 0.02464691 0.02094882 0.13728072 0.11289395 0.13607294
 0.52285061]"
