Number Queries,Approx Solution,Actual Solution,Error rate,Time
62,[15835. 20480. 17103.],[18411. 20722. 17940.],0.9708810233448293,21.339823246002197
