Number Queries,Approx Solution,Actual Solution,Error rate,Time
41,[16934. 20411. 17175.],[18411. 20722. 17940.],0.9712737393304915,24.750357627868652
