Number Queries,Approx Solution,Actual Solution,Error rate,Time
39,[18114. 18776. 18175.],[20929. 19710. 17630.],0.9562815873627416,6.707825660705566
