Number Queries,Approx Solution,Actual Solution,Error rate,Time
59,[16688. 21083. 17175.],[18411. 20722. 17940.],0.9961685591704187,45.483989000320435
