Number Queries,Approx Solution,Actual Solution,Error rate,Time
36,[21746. 17636. 15254.],[21989. 17434. 14928.],0.993420828072718,14.09133768081665
