Number Queries,Approx Solution,Actual Solution,Error rate,Time
71,[19073. 19495. 18141.],[20260. 19926. 18312.],0.9706674898998625,24.856694221496582
