Number Queries,Approx Solution,Actual Solution,Error rate,Time
29,[18617. 18625. 18651.],[21575. 18884. 15631.],0.9547984211649114,4.77725887298584
