Number Queries,Approx Solution,Actual Solution,Error rate,Time
65,[18341. 18396. 18279.],[21575. 18884. 15631.],0.9426888282955452,51.28243374824524
