Number Queries,Approx Solution,Actual Solution,Error rate,Time
36,[21492. 16061. 13809.],[21989. 17434. 14928.],0.9670502023296426,5.219067335128784
