Number Queries,Approx Solution,Actual Solution,Error rate,Time
50,[21875. 17259. 14122.],[21575. 18884. 15631.],0.9895797501700071,9.278447151184082
