WS,OWA,Choquet
[0.14995471 0.23942095 0.61062433],[0.51432167 0.25336019 0.23231815],"[0.02479812 0.01872565 0.00852163 0.10235356 0.11353099 0.21595614
 0.5161139 ]"
