Number Queries,Approx Solution,Actual Solution,Error rate,Time
29,[17978. 17933. 17468.],[20929. 19710. 17630.],0.8933773316377901,13.807129383087158
