Number Queries,Approx Solution,Actual Solution,Error rate,Time
33,[18917. 18940. 17607.],[20929. 19710. 17630.],0.9230084025431914,8.67991852760315
