Number Queries,Approx Solution,Actual Solution,Error rate,Time
50,[18843. 19064. 18445.],[20929. 19710. 17630.],0.9634921500014462,16.09219717979431
