Number Queries,Approx Solution,Actual Solution,Error rate,Time
34,[21746. 17636. 15254.],[21989. 17434. 14928.],0.9922824696716975,9.565910577774048
