WS,OWA,Choquet
[0.41710238 0.15472687 0.42817075],[0.50987166 0.36858304 0.1215453 ],"[0.02193596 0.03661655 0.03867163 0.11922444 0.13197437 0.13210389
 0.51947316]"
