Number Queries,Approx Solution,Actual Solution,Error rate,Time
42,[18190. 18301. 18137.],[21575. 18884. 15631.],0.9495225505100154,20.374702215194702
