Number Queries,Approx Solution,Actual Solution,Error rate,Time
36,[19312. 19362. 17910.],[20929. 19710. 17630.],0.9766963688401402,11.23732876777649
