Number Queries,Approx Solution,Actual Solution,Error rate,Time
58,[18535. 18949. 18666.],[20929. 19710. 17630.],0.968218284554424,34.394651889801025
