Number Queries,Approx Solution,Actual Solution,Error rate,Time
32,[18381. 18334. 17849.],[21575. 18884. 15631.],0.9473800023708318,11.818830966949463
