Number Queries,Approx Solution,Actual Solution,Error rate,Time
51,[19487. 16790. 16759.],[20544. 18165. 18500.],0.9279700775530791,25.202783584594727
