Number Queries,Approx Solution,Actual Solution,Error rate,Time
48,[19391. 18823. 17467.],[20260. 19926. 18312.],0.9530495343660582,6.887550592422485
