Number Queries,Approx Solution,Actual Solution,Error rate,Time
33,[18182. 18084. 18158.],[21989. 17434. 14928.],0.8557539911482664,12.977933645248413
