Number Queries,Approx Solution,Actual Solution,Error rate,Time
28,[18229. 17953. 18032.],[21989. 17434. 14928.],0.9278901314233912,9.101702451705933
