WS,OWA,Choquet
[0.76692053 0.16525757 0.0678219 ],[0.70586863 0.2444823  0.04964907],"[0.021109   0.01987405 0.0470766  0.11994032 0.15699045 0.12193234
 0.51307723]"
