Number Queries,Approx Solution,Actual Solution,Error rate,Time
37,[18037. 18204. 18027.],[20929. 19710. 17630.],0.9274082470419817,9.42992901802063
