Number Queries,Approx Solution,Actual Solution,Error rate,Time
44,[18309. 19953. 18306.],[18804. 20057. 18535.],0.9904613377709487,3.6415467262268066
