Number Queries,Approx Solution,Actual Solution,Error rate,Time
45,[17747. 20635. 17719.],[20260. 19926. 18312.],0.9726954980530653,9.38963770866394
