Number Queries,Approx Solution,Actual Solution,Error rate,Time
41,[17520. 20211. 15606.],[18411. 20722. 17940.],0.9515446806094695,23.794650077819824
