WS,OWA,Choquet
[0.41555376 0.23482341 0.34962283],[0.762968   0.23111278 0.00591922],"[0.04786256 0.02212094 0.03212855 0.13335482 0.14680718 0.10320234
 0.51452361]"
