Number Queries,Approx Solution,Actual Solution,Error rate,Time
32,[18255. 18435. 18220.],[21575. 18884. 15631.],0.8786873802050389,9.857007265090942
