Number Queries,Approx Solution,Actual Solution,Error rate,Time
33,[18672. 18561. 18528.],[21575. 18884. 15631.],0.9574450407899073,9.596365451812744
