Number Queries,Approx Solution,Actual Solution,Error rate,Time
53,[18243. 18299. 17838.],[20929. 19710. 17630.],0.9197588447370885,36.33541798591614
