Number Queries,Approx Solution,Actual Solution,Error rate,Time
33,[18617. 18625. 18651.],[21575. 18884. 15631.],0.9573123694163306,10.689854621887207
