Number Queries,Approx Solution,Actual Solution,Error rate,Time
57,[18196. 17686. 19194.],[19376. 18691. 19154.],0.9803543190894676,10.544028520584106
