Number Queries,Approx Solution,Actual Solution,Error rate,Time
55,[17263. 17959. 18976.],[19376. 18691. 19154.],0.9685055680202166,22.98155450820923
