Number Queries,Approx Solution,Actual Solution,Error rate,Time
67,[17914. 19745. 17791.],[20260. 19926. 18312.],0.9528487891903719,45.362998723983765
