Number Queries,Approx Solution,Actual Solution,Error rate,Time
49,[18023. 18710. 18936.],[18804. 20057. 18535.],0.9898196939143361,19.773625373840332
